Metric,Text-Fabric,Context-Fabric,CF Improvement
Compile Time (s),7.014040417037904,90.54374299943447,12.91x slower
Load Time (s),6.984663749113679,2.43726612534374,2.87x faster
Memory Used (MB),6144.0625,1618.8125,73.7% less
Cache Size (MB),137.9158821105957,859.2221536636353,6.2x larger
